millis,stamp,datetime,motion
1000, 1565391608, 2019/8/9 23:0:8, 0
1998, 1565391609, 2019/8/9 23:0:9, 0
2999, 1565391610, 2019/8/9 23:0:10, 0
3998, 1565391611, 2019/8/9 23:0:11, 0
5000, 1565391612, 2019/8/9 23:0:12, 0
5998, 1565391613, 2019/8/9 23:0:13, 0
7000, 1565391614, 2019/8/9 23:0:14, 0
7999, 1565391615, 2019/8/9 23:0:15, 0
8999, 1565391616, 2019/8/9 23:0:16, 0
10000, 1565391617, 2019/8/9 23:0:17, 0
10998, 1565391618, 2019/8/9 23:0:18, 0
12000, 1565391619, 2019/8/9 23:0:19, 0
12999, 1565391620, 2019/8/9 23:0:20, 0
13999, 1565391621, 2019/8/9 23:0:21, 0
14999, 1565391622, 2019/8/9 23:0:22, 0
15998, 1565391623, 2019/8/9 23:0:23, 0
16999, 1565391624, 2019/8/9 23:0:24, 0
17999, 1565391625, 2019/8/9 23:0:25, 0
18999, 1565391626, 2019/8/9 23:0:26, 0
19999, 1565391627, 2019/8/9 23:0:27, 0
21000, 1565391628, 2019/8/9 23:0:28, 0
21998, 1565391629, 2019/8/9 23:0:29, 0
23000, 1565391630, 2019/8/9 23:0:30, 0
23998, 1565391631, 2019/8/9 23:0:31, 0
24999, 1565391632, 2019/8/9 23:0:32, 0
26000, 1565391633, 2019/8/9 23:0:33, 0
26999, 1565391634, 2019/8/9 23:0:34, 0
28000, 1565391635, 2019/8/9 23:0:35, 0
28998, 1565391636, 2019/8/9 23:0:36, 0
30000, 1565391637, 2019/8/9 23:0:37, 0
30999, 1565391638, 2019/8/9 23:0:38, 0
32000, 1565391639, 2019/8/9 23:0:39, 0
32999, 1565391640, 2019/8/9 23:0:40, 0
33999, 1565391641, 2019/8/9 23:0:41, 0
34999, 1565391642, 2019/8/9 23:0:42, 0
35999, 1565391643, 2019/8/9 23:0:43, 0
37000, 1565391644, 2019/8/9 23:0:44, 0
37999, 1565391645, 2019/8/9 23:0:45, 0
38999, 1565391646, 2019/8/9 23:0:46, 0
39999, 1565391647, 2019/8/9 23:0:47, 0
40998, 1565391648, 2019/8/9 23:0:48, 0
41999, 1565391649, 2019/8/9 23:0:49, 0
42999, 1565391650, 2019/8/9 23:0:50, 0
43999, 1565391651, 2019/8/9 23:0:51, 0
44999, 1565391652, 2019/8/9 23:0:52, 0
46000, 1565391653, 2019/8/9 23:0:53, 0
46999, 1565391654, 2019/8/9 23:0:54, 0
48000, 1565391655, 2019/8/9 23:0:55, 0
48999, 1565391656, 2019/8/9 23:0:56, 0
49999, 1565391657, 2019/8/9 23:0:57, 0
51000, 1565391658, 2019/8/9 23:0:58, 0
51999, 1565391659, 2019/8/9 23:0:59, 0
53000, 1565391660, 2019/8/9 23:1:0, 0
53999, 1565391661, 2019/8/9 23:1:1, 0
54999, 1565391662, 2019/8/9 23:1:2, 0
55999, 1565391663, 2019/8/9 23:1:3, 0
56999, 1565391664, 2019/8/9 23:1:4, 0
57998, 1565391665, 2019/8/9 23:1:5, 0
58999, 1565391666, 2019/8/9 23:1:6, 0
59999, 1565391667, 2019/8/9 23:1:7, 0
60999, 1565391668, 2019/8/9 23:1:8, 0
61999, 1565391669, 2019/8/9 23:1:9, 0
62999, 1565391670, 2019/8/9 23:1:10, 0
63998, 1565391671, 2019/8/9 23:1:11, 0
65000, 1565391672, 2019/8/9 23:1:12, 0
65999, 1565391673, 2019/8/9 23:1:13, 0
66999, 1565391674, 2019/8/9 23:1:14, 0
67999, 1565391675, 2019/8/9 23:1:15, 0
68999, 1565391676, 2019/8/9 23:1:16, 0
69999, 1565391677, 2019/8/9 23:1:17, 0
71000, 1565391678, 2019/8/9 23:1:18, 0
71999, 1565391679, 2019/8/9 23:1:19, 0
72999, 1565391680, 2019/8/9 23:1:20, 0
73999, 1565391681, 2019/8/9 23:1:21, 0
74999, 1565391682, 2019/8/9 23:1:22, 0
75999, 1565391683, 2019/8/9 23:1:23, 0
76999, 1565391684, 2019/8/9 23:1:24, 0
77999, 1565391685, 2019/8/9 23:1:25, 0
78998, 1565391686, 2019/8/9 23:1:26, 0
80000, 1565391687, 2019/8/9 23:1:27, 0
80999, 1565391688, 2019/8/9 23:1:28, 0
81999, 1565391689, 2019/8/9 23:1:29, 0
82999, 1565391690, 2019/8/9 23:1:30, 0
83999, 1565391691, 2019/8/9 23:1:31, 0
84999, 1565391692, 2019/8/9 23:1:32, 0
85999, 1565391693, 2019/8/9 23:1:33, 0
87000, 1565391694, 2019/8/9 23:1:34, 0
87999, 1565391695, 2019/8/9 23:1:35, 0
88999, 1565391696, 2019/8/9 23:1:36, 0
89999, 1565391697, 2019/8/9 23:1:37, 0
90999, 1565391698, 2019/8/9 23:1:38, 0
92000, 1565391699, 2019/8/9 23:1:39, 0
92999, 1565391700, 2019/8/9 23:1:40, 0
93999, 1565391701, 2019/8/9 23:1:41, 0
94999, 1565391702, 2019/8/9 23:1:42, 0
96000, 1565391703, 2019/8/9 23:1:43, 0
96999, 1565391704, 2019/8/9 23:1:44, 0
97999, 1565391705, 2019/8/9 23:1:45, 0
98999, 1565391706, 2019/8/9 23:1:46, 0
99999, 1565391707, 2019/8/9 23:1:47, 0
100999, 1565391708, 2019/8/9 23:1:48, 0
101999, 1565391709, 2019/8/9 23:1:49, 0
103000, 1565391710, 2019/8/9 23:1:50, 0
103999, 1565391711, 2019/8/9 23:1:51, 0
104999, 1565391712, 2019/8/9 23:1:52, 0
105999, 1565391713, 2019/8/9 23:1:53, 0
106999, 1565391714, 2019/8/9 23:1:54, 0
107999, 1565391715, 2019/8/9 23:1:55, 0
108999, 1565391716, 2019/8/9 23:1:56, 0
110000, 1565391717, 2019/8/9 23:1:57, 0
110999, 1565391718, 2019/8/9 23:1:58, 0
112000, 1565391719, 2019/8/9 23:1:59, 0
112999, 1565391720, 2019/8/9 23:2:0, 0
113999, 1565391721, 2019/8/9 23:2:1, 0
114999, 1565391722, 2019/8/9 23:2:2, 0
115999, 1565391723, 2019/8/9 23:2:3, 0
117000, 1565391724, 2019/8/9 23:2:4, 0
117998, 1565391725, 2019/8/9 23:2:5, 0
119000, 1565391726, 2019/8/9 23:2:6, 0
119999, 1565391727, 2019/8/9 23:2:7, 0
120998, 1565391728, 2019/8/9 23:2:8, 0
121999, 1565391729, 2019/8/9 23:2:9, 0
122999, 1565391730, 2019/8/9 23:2:10, 0
124000, 1565391731, 2019/8/9 23:2:11, 0
124999, 1565391732, 2019/8/9 23:2:12, 0
125998, 1565391733, 2019/8/9 23:2:13, 0
126999, 1565391734, 2019/8/9 23:2:14, 0
128000, 1565391735, 2019/8/9 23:2:15, 0
128999, 1565391736, 2019/8/9 23:2:16, 0
129999, 1565391737, 2019/8/9 23:2:17, 0
130999, 1565391738, 2019/8/9 23:2:18, 0
131999, 1565391739, 2019/8/9 23:2:19, 0
132999, 1565391740, 2019/8/9 23:2:20, 0
133999, 1565391741, 2019/8/9 23:2:21, 0
135000, 1565391742, 2019/8/9 23:2:22, 0
135999, 1565391743, 2019/8/9 23:2:23, 0
136999, 1565391744, 2019/8/9 23:2:24, 0
137999, 1565391745, 2019/8/9 23:2:25, 3
138999, 1565391746, 2019/8/9 23:2:26, 14
139999, 1565391747, 2019/8/9 23:2:27, 0
140999, 1565391748, 2019/8/9 23:2:28, 0
142000, 1565391749, 2019/8/9 23:2:29, 0
142999, 1565391750, 2019/8/9 23:2:30, 15
144000, 1565391751, 2019/8/9 23:2:31, 42
144999, 1565391752, 2019/8/9 23:2:32, 0
145999, 1565391753, 2019/8/9 23:2:33, 0
146999, 1565391754, 2019/8/9 23:2:34, 0
147999, 1565391755, 2019/8/9 23:2:35, 1
148999, 1565391756, 2019/8/9 23:2:36, 0
149999, 1565391757, 2019/8/9 23:2:37, 0
151000, 1565391758, 2019/8/9 23:2:38, 0
151999, 1565391759, 2019/8/9 23:2:39, 0
152999, 1565391760, 2019/8/9 23:2:40, 0
153999, 1565391761, 2019/8/9 23:2:41, 0
154999, 1565391762, 2019/8/9 23:2:42, 0
155999, 1565391763, 2019/8/9 23:2:43, 0
156999, 1565391764, 2019/8/9 23:2:44, 0
157999, 1565391765, 2019/8/9 23:2:45, 0
158999, 1565391766, 2019/8/9 23:2:46, 0
160000, 1565391767, 2019/8/9 23:2:47, 0
160999, 1565391768, 2019/8/9 23:2:48, 0
161999, 1565391769, 2019/8/9 23:2:49, 0
162999, 1565391770, 2019/8/9 23:2:50, 0
163999, 1565391771, 2019/8/9 23:2:51, 0
164999, 1565391772, 2019/8/9 23:2:52, 0
165999, 1565391773, 2019/8/9 23:2:53, 0
166999, 1565391774, 2019/8/9 23:2:54, 0
167999, 1565391775, 2019/8/9 23:2:55, 0
168999, 1565391776, 2019/8/9 23:2:56, 0
169999, 1565391777, 2019/8/9 23:2:57, 427
170998, 1565391778, 2019/8/9 23:2:58, 225
171999, 1565391779, 2019/8/9 23:2:59, 392
172999, 1565391780, 2019/8/9 23:3:0, 99
173999, 1565391781, 2019/8/9 23:3:1, 6
174999, 1565391782, 2019/8/9 23:3:2, 319
176000, 1565391783, 2019/8/9 23:3:3, 209
176999, 1565391784, 2019/8/9 23:3:4, 78
177999, 1565391785, 2019/8/9 23:3:5, 207
178999, 1565391786, 2019/8/9 23:3:6, 0
179999, 1565391787, 2019/8/9 23:3:7, 0
180999, 1565391788, 2019/8/9 23:3:8, 443
181999, 1565391789, 2019/8/9 23:3:9, 493
183000, 1565391790, 2019/8/9 23:3:10, 427
183999, 1565391791, 2019/8/9 23:3:11, 416
184999, 1565391792, 2019/8/9 23:3:12, 418
185999, 1565391793, 2019/8/9 23:3:13, 432
186999, 1565391794, 2019/8/9 23:3:14, 442
187999, 1565391795, 2019/8/9 23:3:15, 444
188999, 1565391796, 2019/8/9 23:3:16, 447
189999, 1565391797, 2019/8/9 23:3:17, 422
190999, 1565391798, 2019/8/9 23:3:18, 425
192000, 1565391799, 2019/8/9 23:3:19, 427
192999, 1565391800, 2019/8/9 23:3:20, 431
193999, 1565391801, 2019/8/9 23:3:21, 431
194999, 1565391802, 2019/8/9 23:3:22, 428
195999, 1565391803, 2019/8/9 23:3:23, 449
196999, 1565391804, 2019/8/9 23:3:24, 435
197999, 1565391805, 2019/8/9 23:3:25, 431
199000, 1565391806, 2019/8/9 23:3:26, 433
199999, 1565391807, 2019/8/9 23:3:27, 436
200999, 1565391808, 2019/8/9 23:3:28, 431
201999, 1565391809, 2019/8/9 23:3:29, 432
202999, 1565391810, 2019/8/9 23:3:30, 433
204000, 1565391811, 2019/8/9 23:3:31, 434
204998, 1565391812, 2019/8/9 23:3:32, 434
205999, 1565391813, 2019/8/9 23:3:33, 429
206999, 1565391814, 2019/8/9 23:3:34, 435
208000, 1565391815, 2019/8/9 23:3:35, 434
208999, 1565391816, 2019/8/9 23:3:36, 436
209999, 1565391817, 2019/8/9 23:3:37, 416
210999, 1565391818, 2019/8/9 23:3:38, 0
211999, 1565391819, 2019/8/9 23:3:39, 0
212999, 1565391820, 2019/8/9 23:3:40, 0
213999, 1565391821, 2019/8/9 23:3:41, 0
214999, 1565391822, 2019/8/9 23:3:42, 0
215999, 1565391823, 2019/8/9 23:3:43, 0
216999, 1565391824, 2019/8/9 23:3:44, 0
217999, 1565391825, 2019/8/9 23:3:45, 0
218999, 1565391826, 2019/8/9 23:3:46, 0
219999, 1565391827, 2019/8/9 23:3:47, 0
220999, 1565391828, 2019/8/9 23:3:48, 0
221999, 1565391829, 2019/8/9 23:3:49, 0
222999, 1565391830, 2019/8/9 23:3:50, 0
224000, 1565391831, 2019/8/9 23:3:51, 0
224999, 1565391832, 2019/8/9 23:3:52, 0
225999, 1565391833, 2019/8/9 23:3:53, 0
226999, 1565391834, 2019/8/9 23:3:54, 0
227999, 1565391835, 2019/8/9 23:3:55, 0
228999, 1565391836, 2019/8/9 23:3:56, 0
229999, 1565391837, 2019/8/9 23:3:57, 0
231000, 1565391838, 2019/8/9 23:3:58, 0
231999, 1565391839, 2019/8/9 23:3:59, 0
232999, 1565391840, 2019/8/9 23:4:0, 0
233999, 1565391841, 2019/8/9 23:4:1, 0
234999, 1565391842, 2019/8/9 23:4:2, 0
236000, 1565391843, 2019/8/9 23:4:3, 0
236999, 1565391844, 2019/8/9 23:4:4, 0
237999, 1565391845, 2019/8/9 23:4:5, 0
238999, 1565391846, 2019/8/9 23:4:6, 0
240000, 1565391847, 2019/8/9 23:4:7, 0
240999, 1565391848, 2019/8/9 23:4:8, 0
241999, 1565391849, 2019/8/9 23:4:9, 0
242999, 1565391850, 2019/8/9 23:4:10, 0
243999, 1565391851, 2019/8/9 23:4:11, 0
244999, 1565391852, 2019/8/9 23:4:12, 0
245999, 1565391853, 2019/8/9 23:4:13, 0
247000, 1565391854, 2019/8/9 23:4:14, 0
247999, 1565391855, 2019/8/9 23:4:15, 0
248999, 1565391856, 2019/8/9 23:4:16, 0
249999, 1565391857, 2019/8/9 23:4:17, 0
250999, 1565391858, 2019/8/9 23:4:18, 0
251999, 1565391859, 2019/8/9 23:4:19, 0
252999, 1565391860, 2019/8/9 23:4:20, 0
253999, 1565391861, 2019/8/9 23:4:21, 0
254999, 1565391862, 2019/8/9 23:4:22, 0
256000, 1565391863, 2019/8/9 23:4:23, 0
256999, 1565391864, 2019/8/9 23:4:24, 0
257999, 1565391865, 2019/8/9 23:4:25, 0
258999, 1565391866, 2019/8/9 23:4:26, 0
259999, 1565391867, 2019/8/9 23:4:27, 0
260999, 1565391868, 2019/8/9 23:4:28, 0
261999, 1565391869, 2019/8/9 23:4:29, 0
263000, 1565391870, 2019/8/9 23:4:30, 0
263999, 1565391871, 2019/8/9 23:4:31, 0
264999, 1565391872, 2019/8/9 23:4:32, 0
265999, 1565391873, 2019/8/9 23:4:33, 0
266998, 1565391874, 2019/8/9 23:4:34, 0
267999, 1565391875, 2019/8/9 23:4:35, 0
268999, 1565391876, 2019/8/9 23:4:36, 0
269999, 1565391877, 2019/8/9 23:4:37, 0
270999, 1565391878, 2019/8/9 23:4:38, 0
272000, 1565391879, 2019/8/9 23:4:39, 0
272999, 1565391880, 2019/8/9 23:4:40, 0
273999, 1565391881, 2019/8/9 23:4:41, 0
274999, 1565391882, 2019/8/9 23:4:42, 0
275999, 1565391883, 2019/8/9 23:4:43, 0
276999, 1565391884, 2019/8/9 23:4:44, 0
277999, 1565391885, 2019/8/9 23:4:45, 0
279000, 1565391886, 2019/8/9 23:4:46, 0
279999, 1565391887, 2019/8/9 23:4:47, 0
280999, 1565391888, 2019/8/9 23:4:48, 0
281999, 1565391889, 2019/8/9 23:4:49, 0
282999, 1565391890, 2019/8/9 23:4:50, 0
283999, 1565391891, 2019/8/9 23:4:51, 0
284999, 1565391892, 2019/8/9 23:4:52, 0
285999, 1565391893, 2019/8/9 23:4:53, 0
286999, 1565391894, 2019/8/9 23:4:54, 0
288000, 1565391895, 2019/8/9 23:4:55, 0
288999, 1565391896, 2019/8/9 23:4:56, 0
289999, 1565391897, 2019/8/9 23:4:57, 0
290999, 1565391898, 2019/8/9 23:4:58, 0
291999, 1565391899, 2019/8/9 23:4:59, 0
292999, 1565391900, 2019/8/9 23:5:0, 0
293998, 1565391901, 2019/8/9 23:5:1, 0
295000, 1565391902, 2019/8/9 23:5:2, 0
295999, 1565391903, 2019/8/9 23:5:3, 0
296999, 1565391904, 2019/8/9 23:5:4, 0
297999, 1565391905, 2019/8/9 23:5:5, 0
298999, 1565391906, 2019/8/9 23:5:6, 0
299999, 1565391907, 2019/8/9 23:5:7, 0
300999, 1565391908, 2019/8/9 23:5:8, 0
301999, 1565391909, 2019/8/9 23:5:9, 0
302999, 1565391910, 2019/8/9 23:5:10, 0
304000, 1565391911, 2019/8/9 23:5:11, 0
304999, 1565391912, 2019/8/9 23:5:12, 0
305999, 1565391913, 2019/8/9 23:5:13, 0
306999, 1565391914, 2019/8/9 23:5:14, 0
307999, 1565391915, 2019/8/9 23:5:15, 0
308999, 1565391916, 2019/8/9 23:5:16, 0
309999, 1565391917, 2019/8/9 23:5:17, 0
311000, 1565391918, 2019/8/9 23:5:18, 0
311999, 1565391919, 2019/8/9 23:5:19, 0
312999, 1565391920, 2019/8/9 23:5:20, 0
313999, 1565391921, 2019/8/9 23:5:21, 0
314999, 1565391922, 2019/8/9 23:5:22, 0
315999, 1565391923, 2019/8/9 23:5:23, 0
316999, 1565391924, 2019/8/9 23:5:24, 0
317999, 1565391925, 2019/8/9 23:5:25, 0
318999, 1565391926, 2019/8/9 23:5:26, 0
320000, 1565391927, 2019/8/9 23:5:27, 0
320999, 1565391928, 2019/8/9 23:5:28, 0
321999, 1565391929, 2019/8/9 23:5:29, 0
322999, 1565391930, 2019/8/9 23:5:30, 0
323999, 1565391931, 2019/8/9 23:5:31, 0
324999, 1565391932, 2019/8/9 23:5:32, 0
325999, 1565391933, 2019/8/9 23:5:33, 0
327000, 1565391934, 2019/8/9 23:5:34, 0
327999, 1565391935, 2019/8/9 23:5:35, 0
328999, 1565391936, 2019/8/9 23:5:36, 0
329999, 1565391937, 2019/8/9 23:5:37, 0
330999, 1565391938, 2019/8/9 23:5:38, 0
331999, 1565391939, 2019/8/9 23:5:39, 0
332999, 1565391940, 2019/8/9 23:5:40, 0
333999, 1565391941, 2019/8/9 23:5:41, 0
334999, 1565391942, 2019/8/9 23:5:42, 0
336000, 1565391943, 2019/8/9 23:5:43, 0
336999, 1565391944, 2019/8/9 23:5:44, 0
337999, 1565391945, 2019/8/9 23:5:45, 0
338999, 1565391946, 2019/8/9 23:5:46, 0
339999, 1565391947, 2019/8/9 23:5:47, 0
341000, 1565391948, 2019/8/9 23:5:48, 0
341999, 1565391949, 2019/8/9 23:5:49, 0
343000, 1565391950, 2019/8/9 23:5:50, 0
343999, 1565391951, 2019/8/9 23:5:51, 0
344999, 1565391952, 2019/8/9 23:5:52, 0
345999, 1565391953, 2019/8/9 23:5:53, 0
346999, 1565391954, 2019/8/9 23:5:54, 0
347999, 1565391955, 2019/8/9 23:5:55, 0
348999, 1565391956, 2019/8/9 23:5:56, 0
350000, 1565391957, 2019/8/9 23:5:57, 0
350999, 1565391958, 2019/8/9 23:5:58, 0
352000, 1565391959, 2019/8/9 23:5:59, 0
352999, 1565391960, 2019/8/9 23:6:0, 0
353999, 1565391961, 2019/8/9 23:6:1, 0
354999, 1565391962, 2019/8/9 23:6:2, 0
355999, 1565391963, 2019/8/9 23:6:3, 0
356999, 1565391964, 2019/8/9 23:6:4, 0
357999, 1565391965, 2019/8/9 23:6:5, 0
359000, 1565391966, 2019/8/9 23:6:6, 0
359998, 1565391967, 2019/8/9 23:6:7, 0
360999, 1565391968, 2019/8/9 23:6:8, 0
361999, 1565391969, 2019/8/9 23:6:9, 0
362998, 1565391970, 2019/8/9 23:6:10, 0
363999, 1565391971, 2019/8/9 23:6:11, 0
364999, 1565391972, 2019/8/9 23:6:12, 0
365999, 1565391973, 2019/8/9 23:6:13, 0
366999, 1565391974, 2019/8/9 23:6:14, 0
368000, 1565391975, 2019/8/9 23:6:15, 0
368999, 1565391976, 2019/8/9 23:6:16, 0
369999, 1565391977, 2019/8/9 23:6:17, 0
370999, 1565391978, 2019/8/9 23:6:18, 0
371999, 1565391979, 2019/8/9 23:6:19, 0
372999, 1565391980, 2019/8/9 23:6:20, 0
373999, 1565391981, 2019/8/9 23:6:21, 0
375000, 1565391982, 2019/8/9 23:6:22, 0
375999, 1565391983, 2019/8/9 23:6:23, 0
376999, 1565391984, 2019/8/9 23:6:24, 0
377999, 1565391985, 2019/8/9 23:6:25, 0
378998, 1565391986, 2019/8/9 23:6:26, 0
379999, 1565391987, 2019/8/9 23:6:27, 0
380999, 1565391988, 2019/8/9 23:6:28, 0
382000, 1565391989, 2019/8/9 23:6:29, 0
382999, 1565391990, 2019/8/9 23:6:30, 0
384000, 1565391991, 2019/8/9 23:6:31, 0
384999, 1565391992, 2019/8/9 23:6:32, 0
385999, 1565391993, 2019/8/9 23:6:33, 0
386999, 1565391994, 2019/8/9 23:6:34, 0
387999, 1565391995, 2019/8/9 23:6:35, 0
388999, 1565391996, 2019/8/9 23:6:36, 0
389999, 1565391997, 2019/8/9 23:6:37, 0
390999, 1565391998, 2019/8/9 23:6:38, 0
391999, 1565391999, 2019/8/9 23:6:39, 0
392999, 1565392000, 2019/8/9 23:6:40, 0
393999, 1565392001, 2019/8/9 23:6:41, 0
394999, 1565392002, 2019/8/9 23:6:42, 0
395999, 1565392003, 2019/8/9 23:6:43, 0
396999, 1565392004, 2019/8/9 23:6:44, 0
398000, 1565392005, 2019/8/9 23:6:45, 0
398999, 1565392006, 2019/8/9 23:6:46, 0
400000, 1565392007, 2019/8/9 23:6:47, 0
400999, 1565392008, 2019/8/9 23:6:48, 0
401998, 1565392009, 2019/8/9 23:6:49, 0
402999, 1565392010, 2019/8/9 23:6:50, 0
403999, 1565392011, 2019/8/9 23:6:51, 0
404999, 1565392013, 2019/8/9 23:6:53, 0
405999, 1565392014, 2019/8/9 23:6:54, 0
407000, 1565392015, 2019/8/9 23:6:55, 0
407999, 1565392016, 2019/8/9 23:6:56, 0
408999, 1565392017, 2019/8/9 23:6:57, 0
409999, 1565392018, 2019/8/9 23:6:58, 0
410999, 1565392019, 2019/8/9 23:6:59, 0
411999, 1565392020, 2019/8/9 23:7:0, 0
412999, 1565392021, 2019/8/9 23:7:1, 0
414000, 1565392022, 2019/8/9 23:7:2, 0
414999, 1565392023, 2019/8/9 23:7:3, 0
416000, 1565392024, 2019/8/9 23:7:4, 0
416999, 1565392025, 2019/8/9 23:7:5, 0
417999, 1565392026, 2019/8/9 23:7:6, 0
418999, 1565392027, 2019/8/9 23:7:7, 0
419999, 1565392028, 2019/8/9 23:7:8, 0
420999, 1565392029, 2019/8/9 23:7:9, 0
421999, 1565392030, 2019/8/9 23:7:10, 0
423000, 1565392031, 2019/8/9 23:7:11, 0
423999, 1565392032, 2019/8/9 23:7:12, 0
424998, 1565392033, 2019/8/9 23:7:13, 0
425999, 1565392034, 2019/8/9 23:7:14, 0
426999, 1565392035, 2019/8/9 23:7:15, 0
427999, 1565392036, 2019/8/9 23:7:16, 0
428999, 1565392037, 2019/8/9 23:7:17, 0
429999, 1565392038, 2019/8/9 23:7:18, 0
430999, 1565392039, 2019/8/9 23:7:19, 0
432000, 1565392040, 2019/8/9 23:7:20, 0
432999, 1565392041, 2019/8/9 23:7:21, 0
433998, 1565392042, 2019/8/9 23:7:22, 0
434999, 1565392043, 2019/8/9 23:7:23, 0
435999, 1565392044, 2019/8/9 23:7:24, 0
437000, 1565392045, 2019/8/9 23:7:25, 0
437999, 1565392046, 2019/8/9 23:7:26, 0
438999, 1565392047, 2019/8/9 23:7:27, 0
439999, 1565392048, 2019/8/9 23:7:28, 0
440999, 1565392049, 2019/8/9 23:7:29, 0
441999, 1565392050, 2019/8/9 23:7:30, 0
442999, 1565392051, 2019/8/9 23:7:31, 0
443999, 1565392052, 2019/8/9 23:7:32, 0
444999, 1565392053, 2019/8/9 23:7:33, 0
446000, 1565392054, 2019/8/9 23:7:34, 0
446999, 1565392055, 2019/8/9 23:7:35, 0
448000, 1565392056, 2019/8/9 23:7:36, 0
448999, 1565392057, 2019/8/9 23:7:37, 0
449999, 1565392058, 2019/8/9 23:7:38, 0
450999, 1565392059, 2019/8/9 23:7:39, 0
451998, 1565392060, 2019/8/9 23:7:40, 0
452999, 1565392061, 2019/8/9 23:7:41, 0
453999, 1565392062, 2019/8/9 23:7:42, 0
454999, 1565392063, 2019/8/9 23:7:43, 0
455999, 1565392064, 2019/8/9 23:7:44, 0
456999, 1565392065, 2019/8/9 23:7:45, 0
457999, 1565392066, 2019/8/9 23:7:46, 0
458998, 1565392067, 2019/8/9 23:7:47, 0
459999, 1565392068, 2019/8/9 23:7:48, 0
460999, 1565392069, 2019/8/9 23:7:49, 0
462000, 1565392070, 2019/8/9 23:7:50, 0
462999, 1565392071, 2019/8/9 23:7:51, 0
464000, 1565392072, 2019/8/9 23:7:52, 0
464999, 1565392073, 2019/8/9 23:7:53, 0
465999, 1565392074, 2019/8/9 23:7:54, 0
466999, 1565392075, 2019/8/9 23:7:55, 0
467999, 1565392076, 2019/8/9 23:7:56, 0
468999, 1565392077, 2019/8/9 23:7:57, 0
469999, 1565392078, 2019/8/9 23:7:58, 0
471000, 1565392079, 2019/8/9 23:7:59, 0
471999, 1565392080, 2019/8/9 23:8:0, 0
472999, 1565392081, 2019/8/9 23:8:1, 0
473999, 1565392082, 2019/8/9 23:8:2, 0
474999, 1565392083, 2019/8/9 23:8:3, 0
475999, 1565392084, 2019/8/9 23:8:4, 0
476999, 1565392085, 2019/8/9 23:8:5, 0
477999, 1565392086, 2019/8/9 23:8:6, 0
478999, 1565392087, 2019/8/9 23:8:7, 0
480000, 1565392088, 2019/8/9 23:8:8, 0
480999, 1565392089, 2019/8/9 23:8:9, 0
481999, 1565392090, 2019/8/9 23:8:10, 0
482999, 1565392091, 2019/8/9 23:8:11, 0
483999, 1565392092, 2019/8/9 23:8:12, 0
484999, 1565392093, 2019/8/9 23:8:13, 0
485999, 1565392094, 2019/8/9 23:8:14, 0
487000, 1565392095, 2019/8/9 23:8:15, 0
487999, 1565392096, 2019/8/9 23:8:16, 0
488999, 1565392097, 2019/8/9 23:8:17, 0
489999, 1565392098, 2019/8/9 23:8:18, 0
490999, 1565392099, 2019/8/9 23:8:19, 0
492000, 1565392100, 2019/8/9 23:8:20, 0
492999, 1565392101, 2019/8/9 23:8:21, 0
493999, 1565392102, 2019/8/9 23:8:22, 0
494999, 1565392103, 2019/8/9 23:8:23, 0
496000, 1565392104, 2019/8/9 23:8:24, 0
496999, 1565392105, 2019/8/9 23:8:25, 0
497999, 1565392106, 2019/8/9 23:8:26, 0
498999, 1565392107, 2019/8/9 23:8:27, 0
499998, 1565392108, 2019/8/9 23:8:28, 0
500999, 1565392109, 2019/8/9 23:8:29, 0
501999, 1565392110, 2019/8/9 23:8:30, 0
502999, 1565392111, 2019/8/9 23:8:31, 0
503999, 1565392112, 2019/8/9 23:8:32, 0
504999, 1565392113, 2019/8/9 23:8:33, 0
505999, 1565392114, 2019/8/9 23:8:34, 0
506999, 1565392115, 2019/8/9 23:8:35, 0
507999, 1565392116, 2019/8/9 23:8:36, 0
508999, 1565392117, 2019/8/9 23:8:37, 0
510000, 1565392118, 2019/8/9 23:8:38, 0
510999, 1565392119, 2019/8/9 23:8:39, 0
512000, 1565392120, 2019/8/9 23:8:40, 0
512999, 1565392121, 2019/8/9 23:8:41, 0
513999, 1565392122, 2019/8/9 23:8:42, 0
514999, 1565392123, 2019/8/9 23:8:43, 0
515999, 1565392124, 2019/8/9 23:8:44, 0
516999, 1565392125, 2019/8/9 23:8:45, 0
517999, 1565392126, 2019/8/9 23:8:46, 0
519000, 1565392127, 2019/8/9 23:8:47, 0
519999, 1565392128, 2019/8/9 23:8:48, 0
520999, 1565392129, 2019/8/9 23:8:49, 0
521999, 1565392130, 2019/8/9 23:8:50, 0
522999, 1565392131, 2019/8/9 23:8:51, 0
523999, 1565392132, 2019/8/9 23:8:52, 0
524999, 1565392133, 2019/8/9 23:8:53, 0
525999, 1565392134, 2019/8/9 23:8:54, 0
526999, 1565392135, 2019/8/9 23:8:55, 0
528000, 1565392136, 2019/8/9 23:8:56, 0
528999, 1565392137, 2019/8/9 23:8:57, 0
529998, 1565392138, 2019/8/9 23:8:58, 0
530999, 1565392139, 2019/8/9 23:8:59, 0
531999, 1565392140, 2019/8/9 23:9:0, 0
532999, 1565392141, 2019/8/9 23:9:1, 0
533999, 1565392142, 2019/8/9 23:9:2, 0
535000, 1565392143, 2019/8/9 23:9:3, 0
535999, 1565392144, 2019/8/9 23:9:4, 0
536999, 1565392145, 2019/8/9 23:9:5, 0
537999, 1565392146, 2019/8/9 23:9:6, 0
538999, 1565392147, 2019/8/9 23:9:7, 0
539999, 1565392148, 2019/8/9 23:9:8, 0
540999, 1565392149, 2019/8/9 23:9:9, 0
542000, 1565392150, 2019/8/9 23:9:10, 0
542999, 1565392151, 2019/8/9 23:9:11, 0
544000, 1565392152, 2019/8/9 23:9:12, 0
544999, 1565392153, 2019/8/9 23:9:13, 0
545999, 1565392154, 2019/8/9 23:9:14, 0
546999, 1565392155, 2019/8/9 23:9:15, 0
547999, 1565392156, 2019/8/9 23:9:16, 0
548999, 1565392157, 2019/8/9 23:9:17, 0
